--
-- PostgreSQL database dump
--

-- Dumped from database version 16.13 (Ubuntu 16.13-0ubuntu0.24.04.1)
-- Dumped by pg_dump version 16.13 (Ubuntu 16.13-0ubuntu0.24.04.1)

SET statement_timeout = 0;
SET lock_timeout = 0;
SET idle_in_transaction_session_timeout = 0;
SET client_encoding = 'UTF8';
SET standard_conforming_strings = on;
SELECT pg_catalog.set_config('search_path', '', false);
SET check_function_bodies = false;
SET xmloption = content;
SET client_min_messages = warning;
SET row_security = off;

SET default_tablespace = '';

SET default_table_access_method = heap;

--
-- Name: task; Type: TABLE; Schema: public; Owner: postgres
--

CREATE TABLE public.task (
    id bigint NOT NULL,
    assigned_to character varying(255),
    created_at timestamp(6) with time zone,
    description text,
    due_date timestamp(6) with time zone,
    priority character varying(255) NOT NULL,
    status character varying(255),
    title character varying(255),
    updated_at timestamp(6) with time zone,
    CONSTRAINT task_priority_check CHECK (((priority)::text = ANY ((ARRAY['LOW'::character varying, 'MEDIUM'::character varying, 'HIGH'::character varying, 'CRITICAL'::character varying])::text[]))),
    CONSTRAINT task_status_check CHECK (((status)::text = ANY ((ARRAY['TODO'::character varying, 'IN_PROGRESS'::character varying, 'DONE'::character varying])::text[])))
);


ALTER TABLE public.task OWNER TO postgres;

--
-- Name: task_comment; Type: TABLE; Schema: public; Owner: postgres
--

CREATE TABLE public.task_comment (
    id bigint NOT NULL,
    content text,
    created_at timestamp(6) with time zone,
    created_by character varying(255),
    created_by_full_name character varying(255),
    updated_at timestamp(6) with time zone,
    task_id bigint
);


ALTER TABLE public.task_comment OWNER TO postgres;

--
-- Name: task_comment_id_seq; Type: SEQUENCE; Schema: public; Owner: postgres
--

ALTER TABLE public.task_comment ALTER COLUMN id ADD GENERATED BY DEFAULT AS IDENTITY (
    SEQUENCE NAME public.task_comment_id_seq
    START WITH 1
    INCREMENT BY 1
    NO MINVALUE
    NO MAXVALUE
    CACHE 1
);


--
-- Name: task_history; Type: TABLE; Schema: public; Owner: postgres
--

CREATE TABLE public.task_history (
    id bigint NOT NULL,
    changed_at timestamp(6) with time zone,
    changed_by character varying(255),
    changed_by_full_name character varying(255),
    field character varying(255),
    new_value character varying(255),
    old_value character varying(255),
    task_id bigint
);


ALTER TABLE public.task_history OWNER TO postgres;

--
-- Name: task_history_id_seq; Type: SEQUENCE; Schema: public; Owner: postgres
--

ALTER TABLE public.task_history ALTER COLUMN id ADD GENERATED BY DEFAULT AS IDENTITY (
    SEQUENCE NAME public.task_history_id_seq
    START WITH 1
    INCREMENT BY 1
    NO MINVALUE
    NO MAXVALUE
    CACHE 1
);


--
-- Name: task_id_seq; Type: SEQUENCE; Schema: public; Owner: postgres
--

ALTER TABLE public.task ALTER COLUMN id ADD GENERATED BY DEFAULT AS IDENTITY (
    SEQUENCE NAME public.task_id_seq
    START WITH 1
    INCREMENT BY 1
    NO MINVALUE
    NO MAXVALUE
    CACHE 1
);


--
-- Name: task_tags; Type: TABLE; Schema: public; Owner: postgres
--

CREATE TABLE public.task_tags (
    task_id bigint NOT NULL,
    tag character varying(255)
);


ALTER TABLE public.task_tags OWNER TO postgres;

--
-- Name: users; Type: TABLE; Schema: public; Owner: postgres
--

CREATE TABLE public.users (
    id bigint NOT NULL,
    fullname character varying(255),
    password character varying(255),
    role character varying(255),
    username character varying(255),
    CONSTRAINT users_role_check CHECK (((role)::text = ANY ((ARRAY['USER'::character varying, 'ADMIN'::character varying])::text[])))
);


ALTER TABLE public.users OWNER TO postgres;

--
-- Name: users_id_seq; Type: SEQUENCE; Schema: public; Owner: postgres
--

ALTER TABLE public.users ALTER COLUMN id ADD GENERATED BY DEFAULT AS IDENTITY (
    SEQUENCE NAME public.users_id_seq
    START WITH 1
    INCREMENT BY 1
    NO MINVALUE
    NO MAXVALUE
    CACHE 1
);


--
-- Data for Name: task; Type: TABLE DATA; Schema: public; Owner: postgres
--

INSERT INTO public.task VALUES (2, 'mngo', '2026-04-20 11:02:20+02', 'Building a search bar component with Angular, including styling and autocomplete functionality', '2026-04-28 11:02:25+02', 'CRITICAL', 'DONE', 'Build Frontend', '2026-04-20 11:02:20+02');
INSERT INTO public.task VALUES (3, 'mngo', '2026-04-20 11:00:25+02', 'Configure nginx and deploy the frontend and backend in a VPS', '2026-04-21 11:00:25+02', 'HIGH', 'DONE', 'Deployment on VPS', '2026-04-20 11:00:25+02');
INSERT INTO public.task VALUES (6, 'mngo', '2026-04-19 11:00:25+02', 'Write Dockerfile and docker-compose files to enable deployment with one command', '2026-04-19 11:00:25+02', 'MEDIUM', 'DONE', 'DevOps/Configuration', '2026-04-19 11:00:25+02');
INSERT INTO public.task VALUES (8, '', '2026-04-20 11:10:25+02', 'Implement and integrate ODIC authentication with Keycloak', '2026-04-25 11:10:25+02', 'MEDIUM', 'TODO', 'Intergate Keycloak', '2026-04-20 11:10:25+02');
INSERT INTO public.task VALUES (9, 'user', '2026-04-18 11:01:25+02', 'Backend: GET /tasks?page=0&size=10. Frontend: next / prev', '2026-04-27 11:10:25+02', 'MEDIUM', 'DONE', 'Paginator', '2026-04-18 11:01:25+02');
INSERT INTO public.task VALUES (10, 'mngo', '2026-04-20 11:04:25+02', 'Add due date to task and highlight', '2026-04-29 11:10:25+02', 'HIGH', 'IN_PROGRESS', 'Due Date and Overdue', '2026-04-20 11:04:25+02');
INSERT INTO public.task VALUES (11, 'lucas', '2026-04-20 11:06:25+02', 'Practice Dink and drop ', '2026-04-24 11:10:25+02', 'LOW', 'DONE', 'Play pickleball', '2026-04-20 11:06:25+02');
INSERT INTO public.task VALUES (12, 'lucas', '2026-04-20 10:00:25+02', 'Play tennis today. Practice forehand', '2026-04-24 11:10:25+02', 'MEDIUM', 'TODO', 'Play Tennis', '2026-04-20 10:00:25+02');
INSERT INTO public.task VALUES (13, 'lucas', '2026-04-20 08:00:25+02', 'If task is assigned. An email to assignee will be sent', '2026-04-22 11:10:25+02', 'HIGH', 'TODO', 'Email notification', '2026-04-20 08:00:25+02');
INSERT INTO public.task VALUES (14, 'admin', '2026-04-19 11:09:25+02', 'TODO → IN_PROGRESS → DONE. Angular CDK Dragdrop', '2026-04-30 09:10:25+02', 'CRITICAL', 'IN_PROGRESS', 'Kanban Drag & Drop Feature', '2026-04-19 11:09:25+02');
INSERT INTO public.task VALUES (16, 'mia', '2026-04-20 12:08:00+02', 'Parse filter and sort value in url and perform sorting & filtering at server side.', '2026-04-28 09:10:25+02', 'HIGH', 'DONE', 'Deep sorting and filtering', '2026-04-20 12:08:00+02');
INSERT INTO public.task VALUES (19, 'mngo', '2026-04-21 01:08:00+02', 'New API to fetch all assignee list from database', '2026-05-30 09:10:25+02', 'CRITICAL', 'TODO', 'Option/ Assignee List api', '2026-04-21 01:08:00+02');
INSERT INTO public.task VALUES (21, 'mngo', '2026-04-21 16:09:00+02', 'Singleton Logger object with levels: log, info, debug, warn and error', NULL, 'CRITICAL', 'DONE', 'Logger Service', '2026-04-21 16:09:00+02');
INSERT INTO public.task VALUES (22, 'mngo', '2026-04-21 16:09:00+02', 'Extend logger service with context. The context can be set from other services', NULL, 'CRITICAL', 'IN_PROGRESS', 'Logger Service Context', '2026-04-21 16:09:00+02');
INSERT INTO public.task VALUES (23, 'admin', '2026-04-21 16:09:00+02', 'Show assigned to me tasks in dashboard', NULL, 'CRITICAL', 'DONE', 'Assigned to Me', '2026-04-21 16:09:00+02');
INSERT INTO public.task VALUES (24, 'mngo', '2026-04-21 16:10:00+02', 'New Angular component for task details', NULL, 'MEDIUM', 'DONE', 'Task Details component', '2026-04-21 16:10:00+02');
INSERT INTO public.task VALUES (26, 'admin', '2026-04-22 23:10:00+02', 'Top tags in dashboard', NULL, 'CRITICAL', 'DONE', 'Top Tags', '2026-04-22 23:10:00+02');
INSERT INTO public.task VALUES (28, 'mngo', '2026-04-23 08:10:00+02', 'Task can have multiple attachments', '2026-05-02 09:10:25+02', 'HIGH', 'IN_PROGRESS', 'File Upload', '2026-04-22 08:10:00+02');
INSERT INTO public.task VALUES (33, 'admin', '2026-04-25 12:10:00+02', 'New line chart in dashbaord for complete taks of last 7 days', '2026-05-30 09:10:25+02', 'MEDIUM', 'DONE', 'Complete task chart', '2026-04-25 12:10:00+02');
INSERT INTO public.task VALUES (36, 'admin', '2026-04-27 15:00:22.55576+02', 'setup postgresql in windows and VPS', '2026-04-27 00:00:00+02', 'CRITICAL', 'DONE', 'Postgresql setup', '2026-04-27 15:00:25.094604+02');
INSERT INTO public.task VALUES (32, 'admin', '2026-04-23 12:10:00+02', 'New Dialog to add a task. Autocomplete for tags', '2026-04-27 04:00:00+02', 'CRITICAL', 'DONE', 'Add Task dialog', '2026-04-28 16:30:56.609002+02');
INSERT INTO public.task VALUES (37, 'admin', '2026-04-27 15:01:42.558524+02', 'Update readme file with setup of Postgresql in VPS', '2026-04-29 00:00:00+02', 'MEDIUM', 'TODO', 'Update readme file', '2026-04-27 15:01:56.718093+02');
INSERT INTO public.task VALUES (31, 'admin', '2026-04-23 12:10:00+02', 'Show my work: due today, due in 7 days, and overdue', '2026-05-30 09:10:25+02', 'HIGH', 'DONE', 'My work in dashboard', '2026-04-27 15:02:20.151137+02');
INSERT INTO public.task VALUES (34, 'admin', '2026-04-27 14:59:02.111211+02', 'Integration and unit tests', '2026-04-29 00:00:00+02', 'HIGH', 'IN_PROGRESS', 'Backend Testing', '2026-04-27 15:11:34.057805+02');
INSERT INTO public.task VALUES (29, 'mngo', '2026-04-23 08:10:00+02', 'by entering tag, the suggestion box mus tbe appeared', '2026-05-01 09:10:25+02', 'HIGH', 'DONE', 'Tag autocomplete', '2026-04-27 15:20:56.778032+02');
INSERT INTO public.task VALUES (30, 'admin', '2026-04-23 12:10:00+02', 'Paginator for comment section and with load more buttons', '2026-05-30 09:10:25+02', 'HIGH', 'DONE', 'Comment paginator', '2026-04-27 15:21:52.355474+02');
INSERT INTO public.task VALUES (5, 'admin', '2026-04-20 09:00:25+02', 'Extend Task with Priority (Critial, high, medim, low) including backend and front end side.', '2026-04-29 09:00:25+02', 'HIGH', 'IN_PROGRESS', 'Priority Function', '2026-04-27 17:15:19.464007+02');
INSERT INTO public.task VALUES (25, 'admin', '2026-04-21 23:10:00+02', 'Each task can have multiple tags', '2026-04-30 17:01:00+02', 'LOW', 'DONE', 'Tags feature', '2026-04-27 17:01:43.49606+02');
INSERT INTO public.task VALUES (39, 'admin', '2026-04-27 15:46:57.251571+02', 'Extend search in tasks component with due date.
Due date search is the first col.', '2026-05-07 00:00:00+02', 'MEDIUM', 'TODO', 'Extend search with due date', '2026-04-27 16:59:57.113037+02');
INSERT INTO public.task VALUES (1, 'mngo', '2026-04-20 11:02:25+02', ' Implementing a REST API endpoint to retrieve user/task data in JSON format', '2026-04-24 11:02:25+02', 'CRITICAL', 'DONE', 'Build Backend', '2026-04-27 17:05:39.790161+02');
INSERT INTO public.task VALUES (20, 'admin', '2026-04-21 02:09:00+02', 'Update frontend page Task list to use dropdown for assignee field', '2026-04-28 09:10:25+02', 'MEDIUM', 'DONE', 'Task List - Assignee Dropdown', '2026-04-27 16:22:41.52701+02');
INSERT INTO public.task VALUES (27, 'admin', '2026-04-22 23:15:00+02', 'Task history feature for auditing', '2026-04-27 09:10:00+02', 'LOW', 'DONE', 'Task Historiy', '2026-04-27 17:06:28.122821+02');
INSERT INTO public.task VALUES (18, 'mngo', '2026-04-21 00:07:00+02', 'Login function with Jwt', '2026-04-27 09:10:25+02', 'HIGH', 'DONE', 'Login with Jwt', '2026-04-27 17:06:38.250848+02');
INSERT INTO public.task VALUES (7, 'mngo', '2026-04-20 11:05:25+02', 'Modifying a database schema by adding a deleted_at column for soft-delete functionality', '2026-04-22 11:05:25+02', 'HIGH', 'IN_PROGRESS', 'Database Management', '2026-04-27 17:37:33.433998+02');
INSERT INTO public.task VALUES (15, 'admin', '2026-04-20 11:02:50+02', 'Implement feature "Task comments"', '2026-05-01 09:10:25+02', 'LOW', 'IN_PROGRESS', 'Task Comments', '2026-04-27 17:11:14.035115+02');
INSERT INTO public.task VALUES (42, 'admin', '2026-04-27 18:02:56.269007+02', 'Log in json format.
Unique id for each request', '2026-04-29 19:00:00+02', 'HIGH', 'TODO', 'Structured logging with correlation id', '2026-04-27 18:03:06.276172+02');
INSERT INTO public.task VALUES (43, 'admin', '2026-04-27 19:46:58.633236+02', 'Log full HTTP request + response', '2026-04-29 00:00:00+02', 'CRITICAL', 'TODO', 'Log HTTP request + response', '2026-04-27 19:46:58.633236+02');
INSERT INTO public.task VALUES (4, 'admin', '2026-04-20 11:01:25+02', 'Dashboard with number of DONE/TODO/IN_PROGRESS and chart. Using chart.js', '2026-04-21 11:01:25+02', 'HIGH', 'DONE', 'Dashboard', '2026-04-27 20:37:20.747432+02');
INSERT INTO public.task VALUES (17, 'mngo', '2026-04-21 00:07:00+02', 'Extend JWT authentication with refresh token. Frontend: auto renew new token 5 minute before expiration', '2026-04-22 09:10:25+02', 'HIGH', 'TODO', 'Refresh token', '2026-04-27 23:05:33.408014+02');
INSERT INTO public.task VALUES (41, 'admin', '2026-04-27 17:44:34.699529+02', 'New activiry feed view compinent
', '2026-04-27 19:00:00+02', 'CRITICAL', 'DONE', 'Activity feed', '2026-04-28 03:59:11.709123+02');
INSERT INTO public.task VALUES (44, 'admin', '2026-04-28 04:12:34.278544+02', 'Implement project across multiple taks.
User project role', '2026-05-31 00:00:00+02', 'LOW', 'TODO', 'Project layer', '2026-04-28 04:12:53.354942+02');
INSERT INTO public.task VALUES (40, 'admin', '2026-04-27 17:40:05.85136+02', '', '2026-04-29 19:00:00+02', 'LOW', 'DONE', 'Side menu with lougout button', '2026-04-28 04:13:08.092367+02');
INSERT INTO public.task VALUES (38, 'admin', '2026-04-27 15:20:01.344338+02', 'With Selenium or Playwright', '2026-05-30 00:00:00+02', 'LOW', 'TODO', 'E2E testing with Playwright', '2026-04-28 16:28:10.604333+02');
INSERT INTO public.task VALUES (35, 'admin', '2026-04-27 14:59:41.799221+02', 'Unit test: Vitest
Component test: Angular TestBed
E2E / System test: Playwright', '2026-05-30 17:00:00+02', 'HIGH', 'TODO', 'Frontend testing', '2026-04-28 17:13:03.056908+02');


--
-- Data for Name: task_comment; Type: TABLE DATA; Schema: public; Owner: postgres
--

INSERT INTO public.task_comment VALUES (1, 'Nice feature, very useful for searching!', '2026-04-22 23:15:00+02', 'admin', 'Admin', '2026-04-22 23:15:00+02', 25);
INSERT INTO public.task_comment VALUES (2, 'Maybe we should have search fucntion by multiple tags?', '2026-04-22 23:20:00+02', 'mngo', 'Minh Ngo', '2026-04-22 23:20:00+02', 25);
INSERT INTO public.task_comment VALUES (3, 'UI looks greate 👍', '2026-04-22 23:25:00+02', 'lucas', 'Lucas Ngo', '2026-04-22 23:25:00+02', 25);
INSERT INTO public.task_comment VALUES (4, 'Nice feature, very useful for searching!', '2026-04-22 23:15:00+02', 'admin', 'Admin', '2026-04-22 23:15:00+02', 25);
INSERT INTO public.task_comment VALUES (5, 'Maybe we should have search fucntion by multiple tags?', '2026-04-22 23:20:00+02', 'mngo', 'Minh Ngo', '2026-04-22 23:20:00+02', 25);
INSERT INTO public.task_comment VALUES (6, 'UI looks greate 👍', '2026-04-22 23:25:00+02', 'lucas', 'Lucas Ngo', '2026-04-22 23:25:00+02', 25);
INSERT INTO public.task_comment VALUES (7, 'Nice feature, very useful for searching!', '2026-04-22 23:15:00+02', 'admin', 'Admin', '2026-04-22 23:15:00+02', 26);
INSERT INTO public.task_comment VALUES (8, 'Maybe we should have search fucntion by multiple tags?', '2026-04-22 23:20:00+02', 'mngo', 'Minh Ngo', '2026-04-22 23:20:00+02', 26);
INSERT INTO public.task_comment VALUES (9, 'UI looks greate 👍', '2026-04-22 23:25:00+02', 'lucas', 'Lucas Ngo', '2026-04-22 23:25:00+02', 26);
INSERT INTO public.task_comment VALUES (10, 'Nice feature, very useful for analytics!', '2026-04-22 23:15:00+02', 'admin', 'Admin', '2026-04-22 23:15:00+02', 26);
INSERT INTO public.task_comment VALUES (11, 'Maybe we should add pagination for tags?', '2026-04-22 23:20:00+02', 'mngo', 'Minh Ngo', '2026-04-22 23:20:00+02', 26);
INSERT INTO public.task_comment VALUES (12, 'UI looks clean 👍', '2026-04-22 23:25:00+02', 'lucas', 'Lucas Ngo', '2026-04-22 23:25:00+02', 26);
INSERT INTO public.task_comment VALUES (13, 'Nice feature, very useful for searching!', '2026-04-22 23:15:00+02', 'admin', 'Admin', '2026-04-22 23:15:00+02', 27);
INSERT INTO public.task_comment VALUES (14, 'Maybe we should have search fucntion by multiple tags?', '2026-04-22 23:20:00+02', 'mngo', 'Minh Ngo', '2026-04-22 23:20:00+02', 27);
INSERT INTO public.task_comment VALUES (15, 'UI looks greate 👍', '2026-04-22 23:25:00+02', 'lucas', 'Lucas Ngo', '2026-04-22 23:25:00+02', 27);
INSERT INTO public.task_comment VALUES (16, 'Nice feature, very useful for searching!', '2026-04-22 23:15:00+02', 'admin', 'Admin', '2026-04-22 23:15:00+02', 28);
INSERT INTO public.task_comment VALUES (17, 'Maybe we should have search fucntion by multiple tags?', '2026-04-22 23:20:00+02', 'mngo', 'Minh Ngo', '2026-04-22 23:20:00+02', 28);
INSERT INTO public.task_comment VALUES (18, 'UI looks greate 👍', '2026-04-22 23:25:00+02', 'lucas', 'Lucas Ngo', '2026-04-22 23:25:00+02', 28);
INSERT INTO public.task_comment VALUES (19, 'Nice feature, very useful for searching!', '2026-04-22 23:15:00+02', 'admin', 'Admin', '2026-04-22 23:15:00+02', 29);
INSERT INTO public.task_comment VALUES (20, 'Maybe we should have search fucntion by multiple tags?', '2026-04-22 23:20:00+02', 'mngo', 'Minh Ngo', '2026-04-22 23:20:00+02', 29);
INSERT INTO public.task_comment VALUES (21, 'UI looks greate 👍', '2026-04-22 23:25:00+02', 'lucas', 'Lucas Ngo', '2026-04-22 23:25:00+02', 29);
INSERT INTO public.task_comment VALUES (22, 'Nice feature, very useful for searching!', '2026-04-23 12:15:00+02', 'admin', 'Admin', '2026-04-22 23:15:00+02', 30);
INSERT INTO public.task_comment VALUES (23, 'Maybe we should have search fucntion by multiple tags?', '2026-04-23 12:20:00+02', 'mngo', 'Minh Ngo', '2026-04-22 23:20:00+02', 30);
INSERT INTO public.task_comment VALUES (24, 'UI looks greate 👍', '2026-04-23 12:25:00+02', 'lucas', 'Lucas Ngo', '2026-04-22 23:25:00+02', 30);
INSERT INTO public.task_comment VALUES (25, 'Lets have a meeting to discuss!', '2026-04-23 12:30:00+02', 'admin', 'Admin', '2026-04-22 23:15:00+02', 30);
INSERT INTO public.task_comment VALUES (26, 'Arrange a meeting tomowrrow', '2026-04-23 12:35:00+02', 'mngo', 'Minh Ngo', '2026-04-22 23:20:00+02', 30);
INSERT INTO public.task_comment VALUES (27, 'UI looks greate 👍', '2026-04-23 12:36:00+02', 'lucas', 'Lucas Ngo', '2026-04-22 23:25:00+02', 30);
INSERT INTO public.task_comment VALUES (28, 'Nice feature, very useful for searching!', '2026-04-23 12:37:00+02', 'admin', 'Admin', '2026-04-22 23:15:00+02', 30);
INSERT INTO public.task_comment VALUES (29, 'When does it get done?', '2026-04-23 12:38:00+02', 'mngo', 'Minh Ngo', '2026-04-22 23:20:00+02', 30);
INSERT INTO public.task_comment VALUES (30, 'I like this 👍', '2026-04-23 12:39:00+02', 'lucas', 'Lucas Ngo', '2026-04-22 23:25:00+02', 30);
INSERT INTO public.task_comment VALUES (31, 'UI could be improved', '2026-04-23 12:40:00+02', 'admin', 'Admin', '2026-04-22 23:15:00+02', 30);
INSERT INTO public.task_comment VALUES (32, 'Maybe we should have search fucntion by multiple tags?', '2026-04-23 12:41:00+02', 'mngo', 'Minh Ngo', '2026-04-22 23:20:00+02', 30);
INSERT INTO public.task_comment VALUES (33, 'UI looks greate 👍', '2026-04-23 12:42:00+02', 'lucas', 'Lucas Ngo', '2026-04-22 23:25:00+02', 30);
INSERT INTO public.task_comment VALUES (34, 'Nice feature, very useful for searching!', '2026-04-23 12:43:00+02', 'admin', 'Admin', '2026-04-22 23:15:00+02', 30);
INSERT INTO public.task_comment VALUES (35, 'Maybe we should have search fucntion by multiple tags?', '2026-04-23 12:44:00+02', 'mngo', 'Minh Ngo', '2026-04-22 23:20:00+02', 30);
INSERT INTO public.task_comment VALUES (36, 'UI looks greate 👍', '2026-04-23 12:45:00+02', 'lucas', 'Lucas Ngo', '2026-04-22 23:25:00+02', 30);
INSERT INTO public.task_comment VALUES (37, 'Nice feature, very useful for searching!', '2026-04-23 12:46:00+02', 'admin', 'Admin', '2026-04-22 23:15:00+02', 30);
INSERT INTO public.task_comment VALUES (38, 'Maybe we should have search fucntion by multiple tags?', '2026-04-23 12:20:00+02', 'mngo', 'Minh Ngo', '2026-04-22 23:20:00+02', 30);
INSERT INTO public.task_comment VALUES (39, 'Amzing work 👍', '2026-04-23 12:25:00+02', 'lucas', 'Lucas Ngo', '2026-04-22 23:25:00+02', 30);
INSERT INTO public.task_comment VALUES (40, 'Nice feature, very useful for searching!', '2026-04-23 12:15:00+02', 'admin', 'Admin', '2026-04-22 23:15:00+02', 31);
INSERT INTO public.task_comment VALUES (41, 'Maybe we should have search fucntion by multiple tags?', '2026-04-23 12:20:00+02', 'mngo', 'Minh Ngo', '2026-04-22 23:20:00+02', 31);
INSERT INTO public.task_comment VALUES (42, 'UI looks greate 👍', '2026-04-23 12:25:00+02', 'lucas', 'Lucas Ngo', '2026-04-22 23:25:00+02', 31);
INSERT INTO public.task_comment VALUES (43, 'Lets have a meeting to discuss!', '2026-04-23 12:30:00+02', 'admin', 'Admin', '2026-04-22 23:15:00+02', 31);
INSERT INTO public.task_comment VALUES (44, 'Arrange a meeting tomowrrow', '2026-04-23 12:35:00+02', 'mngo', 'Minh Ngo', '2026-04-22 23:20:00+02', 31);
INSERT INTO public.task_comment VALUES (45, 'UI looks greate 👍', '2026-04-23 12:36:00+02', 'lucas', 'Lucas Ngo', '2026-04-22 23:25:00+02', 31);
INSERT INTO public.task_comment VALUES (46, 'Nice feature, very useful for searching!', '2026-04-23 12:37:00+02', 'admin', 'Admin', '2026-04-22 23:15:00+02', 31);
INSERT INTO public.task_comment VALUES (47, 'When does it get done?', '2026-04-23 12:38:00+02', 'mngo', 'Minh Ngo', '2026-04-22 23:20:00+02', 31);
INSERT INTO public.task_comment VALUES (48, 'I like this 👍', '2026-04-23 12:39:00+02', 'lucas', 'Lucas Ngo', '2026-04-22 23:25:00+02', 31);
INSERT INTO public.task_comment VALUES (49, 'UI could be improved', '2026-04-23 12:40:00+02', 'admin', 'Admin', '2026-04-22 23:15:00+02', 31);
INSERT INTO public.task_comment VALUES (50, 'Maybe we should have search fucntion by multiple tags?', '2026-04-23 12:41:00+02', 'mngo', 'Minh Ngo', '2026-04-22 23:20:00+02', 31);
INSERT INTO public.task_comment VALUES (51, 'UI looks greate 👍', '2026-04-23 12:42:00+02', 'lucas', 'Lucas Ngo', '2026-04-22 23:25:00+02', 31);
INSERT INTO public.task_comment VALUES (52, 'Nice feature, very useful for searching!', '2026-04-23 12:43:00+02', 'admin', 'Admin', '2026-04-22 23:15:00+02', 31);
INSERT INTO public.task_comment VALUES (53, 'Maybe we should have search fucntion by multiple tags?', '2026-04-23 12:44:00+02', 'mngo', 'Minh Ngo', '2026-04-22 23:20:00+02', 31);
INSERT INTO public.task_comment VALUES (54, 'UI looks greate 👍', '2026-04-23 12:45:00+02', 'lucas', 'Lucas Ngo', '2026-04-22 23:25:00+02', 31);
INSERT INTO public.task_comment VALUES (55, 'Nice feature, very useful for searching!', '2026-04-23 12:46:00+02', 'admin', 'Admin', '2026-04-22 23:15:00+02', 31);
INSERT INTO public.task_comment VALUES (56, 'Maybe we should have search fucntion by multiple tags?', '2026-04-23 12:20:00+02', 'mngo', 'Minh Ngo', '2026-04-22 23:20:00+02', 31);
INSERT INTO public.task_comment VALUES (57, 'Amzing work 👍', '2026-04-23 12:25:00+02', 'lucas', 'Lucas Ngo', '2026-04-22 23:25:00+02', 31);
INSERT INTO public.task_comment VALUES (58, 'Nice feature, very useful for searching!', '2026-04-23 12:15:00+02', 'admin', 'Admin', '2026-04-22 23:15:00+02', 32);
INSERT INTO public.task_comment VALUES (59, 'Maybe we should have search fucntion by multiple tags?', '2026-04-23 12:20:00+02', 'mngo', 'Minh Ngo', '2026-04-22 23:20:00+02', 32);
INSERT INTO public.task_comment VALUES (60, 'UI looks greate 👍', '2026-04-23 12:25:00+02', 'lucas', 'Lucas Ngo', '2026-04-22 23:25:00+02', 32);
INSERT INTO public.task_comment VALUES (61, 'Lets have a meeting to discuss!', '2026-04-23 12:30:00+02', 'admin', 'Admin', '2026-04-22 23:15:00+02', 32);
INSERT INTO public.task_comment VALUES (62, 'Arrange a meeting tomowrrow', '2026-04-23 12:35:00+02', 'mngo', 'Minh Ngo', '2026-04-22 23:20:00+02', 32);
INSERT INTO public.task_comment VALUES (63, 'UI looks greate 👍', '2026-04-23 12:36:00+02', 'lucas', 'Lucas Ngo', '2026-04-22 23:25:00+02', 32);
INSERT INTO public.task_comment VALUES (64, 'Nice feature, very useful for searching!', '2026-04-23 12:37:00+02', 'admin', 'Admin', '2026-04-22 23:15:00+02', 32);
INSERT INTO public.task_comment VALUES (65, 'When does it get done?', '2026-04-23 12:38:00+02', 'mngo', 'Minh Ngo', '2026-04-22 23:20:00+02', 32);
INSERT INTO public.task_comment VALUES (66, 'Nice feature, very useful for searching!', '2026-04-23 12:46:00+02', 'admin', 'Admin', '2026-04-22 23:15:00+02', 32);
INSERT INTO public.task_comment VALUES (67, 'Maybe we should have search fucntion by multiple tags?', '2026-04-23 12:20:00+02', 'mngo', 'Minh Ngo', '2026-04-22 23:20:00+02', 32);
INSERT INTO public.task_comment VALUES (68, 'Amzing work 👍', '2026-04-23 12:25:00+02', 'lucas', 'Lucas Ngo', '2026-04-22 23:25:00+02', 32);
INSERT INTO public.task_comment VALUES (69, 'Nice feature, very useful for searching!', '2026-04-25 12:15:00+02', 'admin', 'Admin', '2026-04-22 23:15:00+02', 33);
INSERT INTO public.task_comment VALUES (70, 'Maybe we should have search fucntion by multiple tags?', '2026-04-25 12:20:00+02', 'mngo', 'Minh Ngo', '2026-04-22 23:20:00+02', 33);
INSERT INTO public.task_comment VALUES (71, 'UI looks greate 👍', '2026-04-25 12:25:00+02', 'lucas', 'Lucas Ngo', '2026-04-22 23:25:00+02', 33);
INSERT INTO public.task_comment VALUES (72, 'Lets have a meeting to discuss!', '2026-04-25 12:30:00+02', 'admin', 'Admin', '2026-04-22 23:15:00+02', 33);
INSERT INTO public.task_comment VALUES (73, 'Arrange a meeting tomowrrow', '2026-04-25 12:35:00+02', 'mngo', 'Minh Ngo', '2026-04-22 23:20:00+02', 33);
INSERT INTO public.task_comment VALUES (74, 'UI looks greate 👍', '2026-04-25 12:36:00+02', 'lucas', 'Lucas Ngo', '2026-04-22 23:25:00+02', 33);
INSERT INTO public.task_comment VALUES (75, 'Nice feature, very useful for searching!', '2026-04-25 12:37:00+02', 'admin', 'Admin', '2026-04-22 23:15:00+02', 33);
INSERT INTO public.task_comment VALUES (76, 'When does it get done?', '2026-04-25 12:38:00+02', 'mngo', 'Minh Ngo', '2026-04-22 23:20:00+02', 33);
INSERT INTO public.task_comment VALUES (77, 'I like this 👍', '2026-04-25 12:39:00+02', 'lucas', 'Lucas Ngo', '2026-04-22 23:25:00+02', 33);
INSERT INTO public.task_comment VALUES (78, 'UI could be improved', '2026-04-25 12:40:00+02', 'admin', 'Admin', '2026-04-22 23:15:00+02', 33);
INSERT INTO public.task_comment VALUES (79, 'Maybe we should have search fucntion by multiple tags?', '2026-04-25 12:41:00+02', 'mngo', 'Minh Ngo', '2026-04-22 23:20:00+02', 33);
INSERT INTO public.task_comment VALUES (80, 'UI looks greate 👍', '2026-04-25 12:42:00+02', 'lucas', 'Lucas Ngo', '2026-04-22 23:25:00+02', 33);
INSERT INTO public.task_comment VALUES (81, 'Nice feature, very useful for searching!', '2026-04-25 12:43:00+02', 'admin', 'Admin', '2026-04-22 23:15:00+02', 33);
INSERT INTO public.task_comment VALUES (82, 'Maybe we should have search fucntion by multiple tags?', '2026-04-25 12:44:00+02', 'mngo', 'Minh Ngo', '2026-04-22 23:20:00+02', 33);
INSERT INTO public.task_comment VALUES (83, 'UI looks greate 👍', '2026-04-25 12:45:00+02', 'lucas', 'Lucas Ngo', '2026-04-22 23:25:00+02', 33);
INSERT INTO public.task_comment VALUES (84, 'Nice feature, very useful for searching!', '2026-04-25 12:46:00+02', 'admin', 'Admin', '2026-04-22 23:15:00+02', 33);
INSERT INTO public.task_comment VALUES (85, 'Maybe we should have search fucntion by multiple tags?', '2026-04-25 12:20:00+02', 'mngo', 'Minh Ngo', '2026-04-22 23:20:00+02', 33);
INSERT INTO public.task_comment VALUES (86, 'Amzing work 👍', '2026-04-25 12:25:00+02', 'lucas', 'Lucas Ngo', '2026-04-22 23:25:00+02', 33);
INSERT INTO public.task_comment VALUES (87, '<p>update&nbsp;doncumentation</p>', '2026-04-27 15:01:51.287196+02', 'admin', 'Admin', '2026-04-27 15:01:51.287198+02', 37);
INSERT INTO public.task_comment VALUES (88, '<p>due&nbsp;date&nbsp;options:&nbsp;overdue,&nbsp;due&nbsp;today,&nbsp;due&nbsp;this&nbsp;week,&nbsp;later</p>', '2026-04-27 15:47:22.2087+02', 'admin', 'Admin', '2026-04-27 15:47:22.2087+02', 39);
INSERT INTO public.task_comment VALUES (89, '<p>New&nbsp;comment</p>', '2026-04-27 16:22:53.162985+02', 'admin', 'Admin', '2026-04-27 16:22:53.162985+02', 20);
INSERT INTO public.task_comment VALUES (90, '<p><strong>Using</strong>&nbsp;richtext&nbsp;for&nbsp;comment.</p><p>Link&nbsp;to&nbsp;github:&nbsp;<a href="https://github.com/minhducngo85/TaskTracker" rel="noopener noreferrer" target="_blank">https://github.com/minhducngo85/TaskTracker</a></p>', '2026-04-27 16:23:33.038313+02', 'admin', 'Admin', '2026-04-27 16:23:33.038313+02', 20);
INSERT INTO public.task_comment VALUES (91, '<p>Should&nbsp;have&nbsp;paginator</p>', '2026-04-27 17:36:44.696949+02', 'admin', 'Admin', '2026-04-27 17:36:44.69695+02', 15);
INSERT INTO public.task_comment VALUES (92, '<p>Logout&nbsp;btn&nbsp;is&nbsp;at&nbsp;left&nbsp;bottom</p>', '2026-04-27 17:40:39.049718+02', 'admin', 'Admin', '2026-04-27 17:40:39.049719+02', 40);
INSERT INTO public.task_comment VALUES (93, '<p>This&nbsp;can&nbsp;be&nbsp;included&nbsp;in&nbsp;dashboard&nbsp;and&nbsp;my&nbsp;work&nbsp;component</p>', '2026-04-27 17:45:44.342948+02', 'admin', 'Admin', '2026-04-27 17:45:44.342948+02', 41);
INSERT INTO public.task_comment VALUES (94, '<p>&lt;pattern&gt;</p><p></p><p>&nbsp;&nbsp;%d{yyyy-MM-dd&nbsp;HH:mm:ss}&nbsp;[%level]&nbsp;[%X{correlationId}]&nbsp;%msg%n</p><p></p><p>&lt;/pattern&gt;</p><p></p>', '2026-04-27 18:19:21.511665+02', 'admin', 'Admin', '2026-04-27 18:19:21.511665+02', 42);
INSERT INTO public.task_comment VALUES (95, '<p><span style="background-color: rgb(255, 255, 255); color: rgb(0, 0, 0);">{&nbsp;&quot;message&quot;:&nbsp;&quot;Create&nbsp;task&quot;,&nbsp;&quot;requestId&quot;:&nbsp;&quot;123-abc&quot;&nbsp;}</span></p><p><span style="background-color: rgb(255, 255, 255); color: rgb(0, 0, 0);">{&nbsp;&quot;message&quot;:&nbsp;&quot;Save&nbsp;DB&quot;,&nbsp;&quot;requestId&quot;:&nbsp;&quot;123-abc&quot;&nbsp;}</span></p><p><span style="background-color: rgb(255, 255, 255); color: rgb(0, 0, 0);">{&nbsp;&quot;message&quot;:&nbsp;&quot;Send&nbsp;notification&quot;,&nbsp;&quot;requestId&quot;:&nbsp;&quot;123-abc&quot;&nbsp;}</span></p><p></p>', '2026-04-27 19:07:47.19222+02', 'admin', 'Admin', '2026-04-27 19:07:47.192221+02', 42);
INSERT INTO public.task_comment VALUES (96, '<p>using:&nbsp;logstash-logback-encoder</p><p></p>', '2026-04-27 19:11:11.790411+02', 'admin', 'Admin', '2026-04-27 19:11:11.790411+02', 42);
INSERT INTO public.task_comment VALUES (97, '<p>[INFO]&nbsp;[abc-123]&nbsp;REQUEST&nbsp;POST&nbsp;/api/tasks&nbsp;body={&quot;title&quot;:&quot;Task&nbsp;A&quot;}</p><p>[INFO]&nbsp;[abc-123]&nbsp;RESPONSE&nbsp;201&nbsp;/api/tasks&nbsp;time=120ms&nbsp;body={&quot;id&quot;:1,&quot;title&quot;:&quot;Task&nbsp;A&quot;}</p>', '2026-04-27 19:47:08.545897+02', 'admin', 'Admin', '2026-04-27 19:47:08.545897+02', 43);
INSERT INTO public.task_comment VALUES (98, '<p>implement&nbsp;the&nbsp;log&nbsp;message&nbsp;like&nbsp;example&nbsp;below.</p>', '2026-04-27 19:55:04.998355+02', 'admin', 'Admin', '2026-04-27 19:55:04.998356+02', 43);
INSERT INTO public.task_comment VALUES (99, '<p>Integration&nbsp;tests&nbsp;for&nbsp;controller</p>', '2026-04-28 17:09:30.387648+02', 'admin', 'Admin', '2026-04-28 17:09:30.387648+02', 34);
INSERT INTO public.task_comment VALUES (100, '<ul><li><span style="color: rgb(31, 35, 40);">Unit&nbsp;tests&nbsp;for&nbsp;service&nbsp;layer&nbsp;(business&nbsp;logic&nbsp;validation)</span></li></ul><p></p>', '2026-04-28 17:10:39.303343+02', 'admin', 'Admin', '2026-04-28 17:10:39.303343+02', 34);
INSERT INTO public.task_comment VALUES (101, '<ul><li><span style="color: rgb(31, 35, 40);">Unit&nbsp;test:&nbsp;Vitest</span></li><li><span style="color: rgb(31, 35, 40);">Component&nbsp;test:&nbsp;Angular&nbsp;TestBed</span></li><li><span style="color: rgb(31, 35, 40);">E2E&nbsp;/&nbsp;System&nbsp;test:&nbsp;Playwright</span></li></ul><p></p>', '2026-04-28 17:12:50.539638+02', 'admin', 'Admin', '2026-04-28 17:12:50.539639+02', 35);


--
-- Data for Name: task_history; Type: TABLE DATA; Schema: public; Owner: postgres
--

INSERT INTO public.task_history VALUES (1, '2026-04-23 20:37:00+02', 'admin', 'Admin', 'status', 'IN_PROGRESS', 'TODO', 30);
INSERT INTO public.task_history VALUES (2, '2026-04-23 20:37:30+02', 'admin', 'Admin', 'status', 'DONE', 'IN_PROGRESS', 30);
INSERT INTO public.task_history VALUES (3, '2026-04-23 20:38:00+02', 'admin', 'Admin', 'status', 'IN_PROGRESS', 'DONE', 30);
INSERT INTO public.task_history VALUES (4, '2026-04-23 20:38:30+02', 'mngo', 'Minh Ngo', 'status', 'TODO', 'IN_PROGRESS', 30);
INSERT INTO public.task_history VALUES (5, '2026-04-23 20:39:00+02', 'admin', 'Admin', 'status', 'IN_PROGRESS', 'TODO', 30);
INSERT INTO public.task_history VALUES (6, '2026-04-23 20:38:10+02', 'admin', 'Admin', 'priority', 'MEDIUM', 'HIGH', 30);
INSERT INTO public.task_history VALUES (7, '2026-04-23 20:38:20+02', 'mngo', 'Minh Ngo', 'priority', 'HIGH', 'MEDIUM', 30);
INSERT INTO public.task_history VALUES (8, '2026-04-23 20:21:00+02', 'admin', 'Admin', 'description', 'Paginator for comment section and with load more buttons 2', 'Paginator for comment section and with load more buttons', 30);
INSERT INTO public.task_history VALUES (9, '2026-04-23 20:06:00+02', 'mngo', 'Minh Ngo', 'tags', 'paginator,comment,frontend,today', 'paginator,comment,frontend', 30);
INSERT INTO public.task_history VALUES (10, '2026-04-23 20:37:00+02', 'admin', 'Admin', 'status', 'IN_PROGRESS', 'TODO', 31);
INSERT INTO public.task_history VALUES (11, '2026-04-23 20:37:30+02', 'admin', 'Admin', 'status', 'DONE', 'IN_PROGRESS', 31);
INSERT INTO public.task_history VALUES (12, '2026-04-23 20:38:00+02', 'admin', 'Admin', 'status', 'IN_PROGRESS', 'DONE', 31);
INSERT INTO public.task_history VALUES (13, '2026-04-23 20:38:30+02', 'mngo', 'Minh Ngo', 'status', 'TODO', 'IN_PROGRESS', 31);
INSERT INTO public.task_history VALUES (14, '2026-04-23 20:39:00+02', 'admin', 'Admin', 'status', 'IN_PROGRESS', 'TODO', 31);
INSERT INTO public.task_history VALUES (15, '2026-04-23 20:38:10+02', 'admin', 'Admin', 'priority', 'MEDIUM', 'HIGH', 31);
INSERT INTO public.task_history VALUES (16, '2026-04-23 20:38:20+02', 'mngo', 'Minh Ngo', 'priority', 'HIGH', 'MEDIUM', 31);
INSERT INTO public.task_history VALUES (17, '2026-04-23 20:21:00+02', 'admin', 'Admin', 'description', 'Paginator for comment section and with load more buttons 2', 'Paginator for comment section and with load more buttons', 31);
INSERT INTO public.task_history VALUES (18, '2026-04-23 20:37:00+02', 'admin', 'Admin', 'status', 'IN_PROGRESS', 'TODO', 32);
INSERT INTO public.task_history VALUES (19, '2026-04-23 20:37:30+02', 'admin', 'Admin', 'status', 'DONE', 'IN_PROGRESS', 32);
INSERT INTO public.task_history VALUES (20, '2026-04-23 20:38:00+02', 'admin', 'Admin', 'status', 'IN_PROGRESS', 'DONE', 32);
INSERT INTO public.task_history VALUES (21, '2026-04-23 20:38:30+02', 'mngo', 'Minh Ngo', 'status', 'TODO', 'IN_PROGRESS', 32);
INSERT INTO public.task_history VALUES (22, '2026-04-24 20:39:00+02', 'admin', 'Admin', 'status', 'IN_PROGRESS', 'TODO', 32);
INSERT INTO public.task_history VALUES (23, '2026-04-25 13:10:00+02', 'admin', 'Admin', 'task', 'task created', 'null', 33);
INSERT INTO public.task_history VALUES (24, '2026-04-27 14:59:02.141477+02', 'admin', 'Admin', 'task', 'Task created', 'Null', 34);
INSERT INTO public.task_history VALUES (25, '2026-04-27 14:59:41.8037+02', 'admin', 'Admin', 'task', 'Task created', 'Null', 35);
INSERT INTO public.task_history VALUES (26, '2026-04-27 15:00:22.560211+02', 'admin', 'Admin', 'task', 'Task created', 'Null', 36);
INSERT INTO public.task_history VALUES (27, '2026-04-27 15:00:25.089037+02', 'admin', 'Admin', 'status', 'DONE', 'TODO', 36);
INSERT INTO public.task_history VALUES (28, '2026-04-27 15:00:38.707666+02', 'admin', 'Admin', 'status', 'IN_PROGRESS', 'TODO', 32);
INSERT INTO public.task_history VALUES (29, '2026-04-27 15:01:42.563455+02', 'admin', 'Admin', 'task', 'Task created', 'Null', 37);
INSERT INTO public.task_history VALUES (30, '2026-04-27 15:01:56.715514+02', 'admin', 'Admin', 'priority', 'MEDIUM', 'LOW', 37);
INSERT INTO public.task_history VALUES (31, '2026-04-27 15:02:20.14844+02', 'admin', 'Admin', 'status', 'DONE', 'TODO', 31);
INSERT INTO public.task_history VALUES (32, '2026-04-27 15:11:34.055498+02', 'admin', 'Admin', 'status', 'IN_PROGRESS', 'TODO', 34);
INSERT INTO public.task_history VALUES (33, '2026-04-27 15:20:01.347743+02', 'admin', 'Admin', 'task', 'Task created', 'Null', 38);
INSERT INTO public.task_history VALUES (34, '2026-04-27 15:20:56.77566+02', 'admin', 'Admin', 'status', 'DONE', 'TODO', 29);
INSERT INTO public.task_history VALUES (35, '2026-04-27 15:21:14.93237+02', 'admin', 'Admin', 'tags', 'paginator,comment,frontend,backend', 'paginator,comment,frontend', 30);
INSERT INTO public.task_history VALUES (36, '2026-04-27 15:21:52.353361+02', 'admin', 'Admin', 'status', 'DONE', 'TODO', 30);
INSERT INTO public.task_history VALUES (37, '2026-04-27 15:46:57.255302+02', 'admin', 'Admin', 'task', 'Task created', 'Null', 39);
INSERT INTO public.task_history VALUES (38, '2026-04-27 15:47:30.45325+02', 'admin', 'Admin', 'tags', 'search,backend', 'search', 39);
INSERT INTO public.task_history VALUES (39, '2026-04-27 15:48:07.753092+02', 'admin', 'Admin', 'description', '- extend search in tasks component with due date  ', '- extend search in tasks component with due date ', 39);
INSERT INTO public.task_history VALUES (40, '2026-04-27 15:48:28.360522+02', 'admin', 'Admin', 'tags', 'search,backend,api', 'search,backend', 39);
INSERT INTO public.task_history VALUES (41, '2026-04-27 16:22:41.524409+02', 'admin', 'Admin', 'status', 'DONE', 'TODO', 20);
INSERT INTO public.task_history VALUES (42, '2026-04-27 16:26:36.194281+02', 'admin', 'Admin', 'description', 'Extend search in tasks component with due date.
Due date search is the first col.', '- extend search in tasks component with due date  ', 39);
INSERT INTO public.task_history VALUES (43, '2026-04-27 16:51:57.321495+02', 'admin', 'Admin', 'dueDate', 'null', '2026-05-01T07:10:25Z', 27);
INSERT INTO public.task_history VALUES (44, '2026-04-27 16:52:01.339199+02', 'admin', 'Admin', 'dueDate', '2026-04-27T07:10:00Z', 'null', 27);
INSERT INTO public.task_history VALUES (45, '2026-04-27 16:59:57.111545+02', 'admin', 'Admin', 'tags', 'search,backend,api,angular material', 'search,backend,api', 39);
INSERT INTO public.task_history VALUES (46, '2026-04-27 17:00:47.749485+02', 'admin', 'Admin', 'dueDate', '2026-04-27T15:00:00Z', 'null', 35);
INSERT INTO public.task_history VALUES (47, '2026-04-27 17:00:50.271926+02', 'admin', 'Admin', 'dueDate', '2026-05-30T15:00:00Z', '2026-04-27T15:00:00Z', 35);
INSERT INTO public.task_history VALUES (48, '2026-04-27 17:01:15.560184+02', 'admin', 'Admin', 'dueDate', '2026-04-27T15:01:00Z', 'null', 25);
INSERT INTO public.task_history VALUES (49, '2026-04-27 17:01:16.875284+02', 'admin', 'Admin', 'dueDate', '2026-04-30T15:01:00Z', '2026-04-27T15:01:00Z', 25);
INSERT INTO public.task_history VALUES (50, '2026-04-27 17:01:43.494143+02', 'admin', 'Admin', 'status', 'DONE', 'TODO', 25);
INSERT INTO public.task_history VALUES (51, '2026-04-27 17:05:39.788569+02', 'admin', 'Admin', 'status', 'DONE', 'IN_PROGRESS', 1);
INSERT INTO public.task_history VALUES (52, '2026-04-27 17:06:28.121078+02', 'admin', 'Admin', 'status', 'DONE', 'TODO', 27);
INSERT INTO public.task_history VALUES (53, '2026-04-27 17:06:38.249231+02', 'admin', 'Admin', 'status', 'DONE', 'TODO', 18);
INSERT INTO public.task_history VALUES (54, '2026-04-27 17:11:09.53415+02', 'admin', 'Admin', 'status', 'IN_PROGRESS', 'TODO', 15);
INSERT INTO public.task_history VALUES (55, '2026-04-27 17:11:14.032759+02', 'admin', 'Admin', 'assignedTo', 'admin', 'lucas', 15);
INSERT INTO public.task_history VALUES (56, '2026-04-27 17:15:16.435593+02', 'admin', 'Admin', 'status', 'IN_PROGRESS', 'TODO', 5);
INSERT INTO public.task_history VALUES (57, '2026-04-27 17:15:19.462317+02', 'admin', 'Admin', 'assignedTo', 'admin', 'lucas', 5);
INSERT INTO public.task_history VALUES (58, '2026-04-27 17:37:33.432753+02', 'admin', 'Admin', 'tags', 'postgresql,database,linux', 'postgresql,database', 7);
INSERT INTO public.task_history VALUES (59, '2026-04-27 17:40:05.854364+02', 'admin', 'Admin', 'task', 'Task created', 'Null', 40);
INSERT INTO public.task_history VALUES (60, '2026-04-27 17:43:00.754057+02', 'admin', 'Admin', 'tags', 'testing,selenium', 'testing', 38);
INSERT INTO public.task_history VALUES (61, '2026-04-27 17:44:34.702507+02', 'admin', 'Admin', 'task', 'Task created', 'Null', 41);
INSERT INTO public.task_history VALUES (62, '2026-04-27 17:46:16.044542+02', 'admin', 'Admin', 'status', 'IN_PROGRESS', 'TODO', 41);
INSERT INTO public.task_history VALUES (63, '2026-04-27 18:02:56.27371+02', 'admin', 'Admin', 'task', 'Task created', 'Null', 42);
INSERT INTO public.task_history VALUES (64, '2026-04-27 18:03:06.274701+02', 'admin', 'Admin', 'tags', 'backend,logger', 'backend', 42);
INSERT INTO public.task_history VALUES (65, '2026-04-27 19:46:58.635432+02', 'admin', 'Admin', 'task', 'Task created', 'Null', 43);
INSERT INTO public.task_history VALUES (66, '2026-04-27 20:37:20.74567+02', 'admin', 'Admin', 'status', 'DONE', 'TODO', 4);
INSERT INTO public.task_history VALUES (67, '2026-04-28 03:59:11.707024+02', 'admin', 'Admin', 'status', 'DONE', 'IN_PROGRESS', 41);
INSERT INTO public.task_history VALUES (68, '2026-04-28 03:59:33.338042+02', 'admin', 'Admin', 'dueDate', '2026-05-29T07:10:00Z', '2026-05-30T07:10:25Z', 32);
INSERT INTO public.task_history VALUES (69, '2026-04-28 03:59:36.576023+02', 'admin', 'Admin', 'dueDate', '2026-05-27T07:10:00Z', '2026-05-29T07:10:00Z', 32);
INSERT INTO public.task_history VALUES (70, '2026-04-28 04:00:22.478421+02', 'admin', 'Admin', 'dueDate', 'null', '2026-05-27T07:10:00Z', 32);
INSERT INTO public.task_history VALUES (71, '2026-04-28 04:00:25.782561+02', 'admin', 'Admin', 'dueDate', '2026-03-28T03:00:00Z', 'null', 32);
INSERT INTO public.task_history VALUES (72, '2026-04-28 04:00:26.966079+02', 'admin', 'Admin', 'dueDate', '2026-04-28T02:00:00Z', '2026-03-28T03:00:00Z', 32);
INSERT INTO public.task_history VALUES (73, '2026-04-28 04:00:28.185079+02', 'admin', 'Admin', 'dueDate', '2026-04-27T02:00:00Z', '2026-04-28T02:00:00Z', 32);
INSERT INTO public.task_history VALUES (74, '2026-04-28 04:12:34.281739+02', 'admin', 'Admin', 'task', 'Task created', 'Null', 44);
INSERT INTO public.task_history VALUES (75, '2026-04-28 04:12:53.353628+02', 'admin', 'Admin', 'tags', 'backend,database,api', '', 44);
INSERT INTO public.task_history VALUES (76, '2026-04-28 04:13:08.090893+02', 'admin', 'Admin', 'status', 'DONE', 'TODO', 40);
INSERT INTO public.task_history VALUES (77, '2026-04-28 12:54:45.850128+02', 'admin', 'Admin', 'priority', 'CRITICAL', 'HIGH', 32);
INSERT INTO public.task_history VALUES (78, '2026-04-28 16:28:10.602593+02', 'admin', 'Admin', 'title', 'E2E testing with Playwright', 'Automation testing', 38);
INSERT INTO public.task_history VALUES (79, '2026-04-28 16:30:56.607164+02', 'admin', 'Admin', 'status', 'DONE', 'IN_PROGRESS', 32);
INSERT INTO public.task_history VALUES (80, '2026-04-28 17:13:03.054792+02', 'admin', 'Admin', 'description', 'Unit test: Vitest
Component test: Angular TestBed
E2E / System test: Playwright', 'Unit tests with vitest', 35);


--
-- Data for Name: task_tags; Type: TABLE DATA; Schema: public; Owner: postgres
--

INSERT INTO public.task_tags VALUES (2, 'frontend');
INSERT INTO public.task_tags VALUES (3, 'deployment');
INSERT INTO public.task_tags VALUES (3, 'vps');
INSERT INTO public.task_tags VALUES (6, 'nginx');
INSERT INTO public.task_tags VALUES (6, 'vps');
INSERT INTO public.task_tags VALUES (6, 'linux');
INSERT INTO public.task_tags VALUES (8, 'keycloak');
INSERT INTO public.task_tags VALUES (8, 'oidc');
INSERT INTO public.task_tags VALUES (9, 'backend');
INSERT INTO public.task_tags VALUES (9, 'paginator');
INSERT INTO public.task_tags VALUES (11, 'sport');
INSERT INTO public.task_tags VALUES (11, 'pickleball');
INSERT INTO public.task_tags VALUES (11, 'drop');
INSERT INTO public.task_tags VALUES (11, 'dink');
INSERT INTO public.task_tags VALUES (12, 'sport');
INSERT INTO public.task_tags VALUES (12, 'tennis');
INSERT INTO public.task_tags VALUES (14, 'kanban');
INSERT INTO public.task_tags VALUES (14, 'drag & drop');
INSERT INTO public.task_tags VALUES (5, 'priority');
INSERT INTO public.task_tags VALUES (16, 'backend');
INSERT INTO public.task_tags VALUES (16, 'paginator');
INSERT INTO public.task_tags VALUES (16, 'frontend');
INSERT INTO public.task_tags VALUES (5, 'angular');
INSERT INTO public.task_tags VALUES (5, 'frontend');
INSERT INTO public.task_tags VALUES (19, 'assignee');
INSERT INTO public.task_tags VALUES (19, 'api');
INSERT INTO public.task_tags VALUES (7, 'postgresql');
INSERT INTO public.task_tags VALUES (7, 'database');
INSERT INTO public.task_tags VALUES (21, 'logger');
INSERT INTO public.task_tags VALUES (22, 'logger context');
INSERT INTO public.task_tags VALUES (22, 'logger');
INSERT INTO public.task_tags VALUES (23, 'assignee');
INSERT INTO public.task_tags VALUES (24, 'angular material');
INSERT INTO public.task_tags VALUES (7, 'linux');
INSERT INTO public.task_tags VALUES (26, 'dashboard');
INSERT INTO public.task_tags VALUES (26, 'backend');
INSERT INTO public.task_tags VALUES (26, 'tags');
INSERT INTO public.task_tags VALUES (28, 'backend');
INSERT INTO public.task_tags VALUES (28, 'attachment');
INSERT INTO public.task_tags VALUES (28, 'frontend');
INSERT INTO public.task_tags VALUES (42, 'backend');
INSERT INTO public.task_tags VALUES (42, 'logger');
INSERT INTO public.task_tags VALUES (43, 'logger');
INSERT INTO public.task_tags VALUES (43, 'backend');
INSERT INTO public.task_tags VALUES (33, 'backend');
INSERT INTO public.task_tags VALUES (33, 'chartjs');
INSERT INTO public.task_tags VALUES (33, 'frontend');
INSERT INTO public.task_tags VALUES (4, 'chartjs');
INSERT INTO public.task_tags VALUES (4, 'dashboard');
INSERT INTO public.task_tags VALUES (17, 'jwt');
INSERT INTO public.task_tags VALUES (17, 'token');
INSERT INTO public.task_tags VALUES (41, 'backend');
INSERT INTO public.task_tags VALUES (36, 'database');
INSERT INTO public.task_tags VALUES (41, 'api');
INSERT INTO public.task_tags VALUES (41, 'testing');
INSERT INTO public.task_tags VALUES (37, 'documentation');
INSERT INTO public.task_tags VALUES (37, 'postgresql');
INSERT INTO public.task_tags VALUES (31, 'paginator');
INSERT INTO public.task_tags VALUES (31, 'comment');
INSERT INTO public.task_tags VALUES (31, 'frontend');
INSERT INTO public.task_tags VALUES (34, 'backend');
INSERT INTO public.task_tags VALUES (34, 'testing');
INSERT INTO public.task_tags VALUES (29, 'autocomplete');
INSERT INTO public.task_tags VALUES (29, 'frontend');
INSERT INTO public.task_tags VALUES (30, 'paginator');
INSERT INTO public.task_tags VALUES (30, 'comment');
INSERT INTO public.task_tags VALUES (30, 'frontend');
INSERT INTO public.task_tags VALUES (30, 'backend');
INSERT INTO public.task_tags VALUES (20, 'dropdown');
INSERT INTO public.task_tags VALUES (20, 'assignee');
INSERT INTO public.task_tags VALUES (44, 'backend');
INSERT INTO public.task_tags VALUES (44, 'database');
INSERT INTO public.task_tags VALUES (44, 'api');
INSERT INTO public.task_tags VALUES (40, 'frontend');
INSERT INTO public.task_tags VALUES (38, 'testing');
INSERT INTO public.task_tags VALUES (39, 'search');
INSERT INTO public.task_tags VALUES (39, 'backend');
INSERT INTO public.task_tags VALUES (39, 'api');
INSERT INTO public.task_tags VALUES (39, 'angular material');
INSERT INTO public.task_tags VALUES (38, 'selenium');
INSERT INTO public.task_tags VALUES (32, 'tag');
INSERT INTO public.task_tags VALUES (32, 'angualar material');
INSERT INTO public.task_tags VALUES (32, 'frontend');
INSERT INTO public.task_tags VALUES (35, 'frontend');
INSERT INTO public.task_tags VALUES (35, 'testing');
INSERT INTO public.task_tags VALUES (25, 'tag');
INSERT INTO public.task_tags VALUES (25, 'angular material');
INSERT INTO public.task_tags VALUES (1, 'backend');
INSERT INTO public.task_tags VALUES (1, 'spring boot');
INSERT INTO public.task_tags VALUES (27, 'backend');
INSERT INTO public.task_tags VALUES (27, 'history');
INSERT INTO public.task_tags VALUES (18, 'jwt');
INSERT INTO public.task_tags VALUES (18, 'token');
INSERT INTO public.task_tags VALUES (15, 'backend');
INSERT INTO public.task_tags VALUES (15, 'frontend');


--
-- Data for Name: users; Type: TABLE DATA; Schema: public; Owner: postgres
--

INSERT INTO public.users VALUES (1, 'Admin', 'abcd1234', 'ADMIN', 'admin');
INSERT INTO public.users VALUES (2, 'User', 'abcd1234', 'USER', 'user');
INSERT INTO public.users VALUES (3, 'Minh Ngo', 'abcd1234', 'ADMIN', 'mngo');
INSERT INTO public.users VALUES (4, 'Mia Ngo', 'abcd1234', 'USER', 'mia');
INSERT INTO public.users VALUES (5, 'Lucas Ngo', 'abcd1234', 'USER', 'lucas');


--
-- Name: task_comment_id_seq; Type: SEQUENCE SET; Schema: public; Owner: postgres
--

SELECT pg_catalog.setval('public.task_comment_id_seq', 101, true);


--
-- Name: task_history_id_seq; Type: SEQUENCE SET; Schema: public; Owner: postgres
--

SELECT pg_catalog.setval('public.task_history_id_seq', 80, true);


--
-- Name: task_id_seq; Type: SEQUENCE SET; Schema: public; Owner: postgres
--

SELECT pg_catalog.setval('public.task_id_seq', 44, true);


--
-- Name: users_id_seq; Type: SEQUENCE SET; Schema: public; Owner: postgres
--

SELECT pg_catalog.setval('public.users_id_seq', 5, true);


--
-- Name: task_comment task_comment_pkey; Type: CONSTRAINT; Schema: public; Owner: postgres
--

ALTER TABLE ONLY public.task_comment
    ADD CONSTRAINT task_comment_pkey PRIMARY KEY (id);


--
-- Name: task_history task_history_pkey; Type: CONSTRAINT; Schema: public; Owner: postgres
--

ALTER TABLE ONLY public.task_history
    ADD CONSTRAINT task_history_pkey PRIMARY KEY (id);


--
-- Name: task task_pkey; Type: CONSTRAINT; Schema: public; Owner: postgres
--

ALTER TABLE ONLY public.task
    ADD CONSTRAINT task_pkey PRIMARY KEY (id);


--
-- Name: users users_pkey; Type: CONSTRAINT; Schema: public; Owner: postgres
--

ALTER TABLE ONLY public.users
    ADD CONSTRAINT users_pkey PRIMARY KEY (id);


--
-- Name: task_tags fk5jrufop0gtxfeybb27jkoqn9r; Type: FK CONSTRAINT; Schema: public; Owner: postgres
--

ALTER TABLE ONLY public.task_tags
    ADD CONSTRAINT fk5jrufop0gtxfeybb27jkoqn9r FOREIGN KEY (task_id) REFERENCES public.task(id);


--
-- Name: task_comment fkpoxt1sd4otmq9p94rp1atkgs7; Type: FK CONSTRAINT; Schema: public; Owner: postgres
--

ALTER TABLE ONLY public.task_comment
    ADD CONSTRAINT fkpoxt1sd4otmq9p94rp1atkgs7 FOREIGN KEY (task_id) REFERENCES public.task(id);


--
-- PostgreSQL database dump complete
--


